date,location,latitude,longitude,elevation_m,area_profile,temp_max_c,temp_min_c,rainfall_mm,humidity_pct,wind_speed_kmph
2026-06-01,Gachibowli,17.4401,78.3489,536,urban_tech_hub,30.4,23.7,2.5,59.3,20.6
2026-06-01,Kompally,17.54,78.49,580,suburban_greenbelt,31.1,24.5,0.9,62.4,9.6
2026-06-01,LB Nagar,17.3506,78.554,500,urban_lake_adjacent,30.3,21.9,1.4,56.9,13.4
2026-06-01,Secunderabad,17.4399,78.4983,545,dense_urban,29.0,22.5,2.4,55.4,9.8
2026-06-01,Shamshabad,17.2403,78.4294,620,semi_rural_airport,29.4,22.0,0.9,60.4,7.9
2026-06-02,Gachibowli,17.4401,78.3489,536,urban_tech_hub,30.6,22.9,1.5,65.1,27.0
2026-06-02,Kompally,17.54,78.49,580,suburban_greenbelt,28.7,20.1,6.0,68.6,7.3
2026-06-02,LB Nagar,17.3506,78.554,500,urban_lake_adjacent,30.1,22.4,0.2,49.6,3.2
2026-06-02,Secunderabad,17.4399,78.4983,545,dense_urban,31.8,23.5,7.3,60.5,14.0
2026-06-02,Shamshabad,17.2403,78.4294,620,semi_rural_airport,31.1,22.6,1.6,60.9,6.5
2026-06-03,Gachibowli,17.4401,78.3489,536,urban_tech_hub,31.4,23.2,1.4,62.5,23.0
2026-06-03,Kompally,17.54,78.49,580,suburban_greenbelt,30.4,22.1,1.1,67.1,3.6
2026-06-03,LB Nagar,17.3506,78.554,500,urban_lake_adjacent,32.0,24.4,1.2,51.7,10.6
2026-06-03,Secunderabad,17.4399,78.4983,545,dense_urban,29.9,22.9,1.0,56.4,11.8
2026-06-03,Shamshabad,17.2403,78.4294,620,semi_rural_airport,29.3,21.1,0.7,62.2,18.7
2026-06-04,Gachibowli,17.4401,78.3489,536,urban_tech_hub,30.5,22.5,1.5,54.0,11.9
2026-06-04,Kompally,17.54,78.49,580,suburban_greenbelt,29.0,20.2,0.2,63.1,5.6
2026-06-04,LB Nagar,17.3506,78.554,500,urban_lake_adjacent,30.6,24.2,1.5,54.7,5.8
2026-06-04,Secunderabad,17.4399,78.4983,545,dense_urban,31.9,25.7,0.6,50.1,18.1
2026-06-04,Shamshabad,17.2403,78.4294,620,semi_rural_airport,30.9,22.5,0.6,64.0,4.3
2026-06-05,Gachibowli,17.4401,78.3489,536,urban_tech_hub,28.0,21.1,6.3,62.3,18.6
2026-06-05,Kompally,17.54,78.49,580,suburban_greenbelt,29.4,21.1,1.8,62.6,9.4
2026-06-05,LB Nagar,17.3506,78.554,500,urban_lake_adjacent,28.7,20.3,5.4,50.9,7.5
2026-06-05,Secunderabad,17.4399,78.4983,545,dense_urban,28.7,19.7,1.8,59.5,8.7
2026-06-05,Shamshabad,17.2403,78.4294,620,semi_rural_airport,30.1,22.1,4.9,62.3,3.7
2026-06-06,Gachibowli,17.4401,78.3489,536,urban_tech_hub,31.3,22.4,3.8,65.0,15.5
2026-06-06,Kompally,17.54,78.49,580,suburban_greenbelt,30.0,22.2,1.2,66.0,9.7
2026-06-06,LB Nagar,17.3506,78.554,500,urban_lake_adjacent,30.9,24.1,0.7,57.0,2.3
2026-06-06,Secunderabad,17.4399,78.4983,545,dense_urban,33.7,25.1,1.1,54.5,22.8
2026-06-06,Shamshabad,17.2403,78.4294,620,semi_rural_airport,29.7,23.2,0.3,62.8,8.2
2026-06-07,Gachibowli,17.4401,78.3489,536,urban_tech_hub,32.0,23.8,1.3,55.6,1.2
2026-06-07,Kompally,17.54,78.49,580,suburban_greenbelt,27.2,19.2,5.4,70.1,3.0
2026-06-07,LB Nagar,17.3506,78.554,500,urban_lake_adjacent,31.5,24.0,0.3,47.0,11.6
2026-06-07,Secunderabad,17.4399,78.4983,545,dense_urban,30.2,21.4,4.1,59.1,8.7
2026-06-07,Shamshabad,17.2403,78.4294,620,semi_rural_airport,29.5,21.8,0.8,64.5,21.5
2026-06-08,Gachibowli,17.4401,78.3489,536,urban_tech_hub,30.9,23.3,3.4,63.4,6.0
2026-06-08,Kompally,17.54,78.49,580,suburban_greenbelt,27.1,18.4,7.0,71.6,7.0
2026-06-08,LB Nagar,17.3506,78.554,500,urban_lake_adjacent,31.2,24.3,1.1,54.8,5.1
2026-06-08,Secunderabad,17.4399,78.4983,545,dense_urban,31.2,22.2,1.1,57.1,4.3
2026-06-08,Shamshabad,17.2403,78.4294,620,semi_rural_airport,29.0,20.0,2.1,69.5,5.9
2026-06-09,Gachibowli,17.4401,78.3489,536,urban_tech_hub,28.9,21.0,2.7,62.4,12.5
2026-06-09,Kompally,17.54,78.49,580,suburban_greenbelt,30.5,22.8,1.6,60.0,3.6
2026-06-09,LB Nagar,17.3506,78.554,500,urban_lake_adjacent,32.2,25.8,0.9,54.9,9.2
2026-06-09,Secunderabad,17.4399,78.4983,545,dense_urban,31.2,24.7,1.5,54.8,5.0
2026-06-09,Shamshabad,17.2403,78.4294,620,semi_rural_airport,29.3,20.5,2.9,61.4,1.6
2026-06-10,Gachibowli,17.4401,78.3489,536,urban_tech_hub,29.5,22.2,0.2,56.1,21.5
2026-06-10,Kompally,17.54,78.49,580,suburban_greenbelt,29.3,21.4,3.1,58.7,6.8
2026-06-10,LB Nagar,17.3506,78.554,500,urban_lake_adjacent,29.1,21.2,0.3,55.9,27.5
2026-06-10,Secunderabad,17.4399,78.4983,545,dense_urban,31.9,24.7,0.7,55.2,11.0
2026-06-10,Shamshabad,17.2403,78.4294,620,semi_rural_airport,30.8,24.7,0.6,61.5,13.9
2026-06-11,Gachibowli,17.4401,78.3489,536,urban_tech_hub,28.9,22.2,0.8,58.7,2.0
2026-06-11,Kompally,17.54,78.49,580,suburban_greenbelt,28.7,22.2,3.5,61.5,4.4
2026-06-11,LB Nagar,17.3506,78.554,500,urban_lake_adjacent,29.6,23.5,1.7,55.4,6.2
2026-06-11,Secunderabad,17.4399,78.4983,545,dense_urban,28.7,20.4,3.8,52.3,4.6
2026-06-11,Shamshabad,17.2403,78.4294,620,semi_rural_airport,28.1,21.7,4.1,66.5,7.1
2026-06-12,Gachibowli,17.4401,78.3489,536,urban_tech_hub,31.0,24.0,3.2,54.6,1.3
2026-06-12,Kompally,17.54,78.49,580,suburban_greenbelt,28.7,21.2,2.5,64.4,24.0
2026-06-12,LB Nagar,17.3506,78.554,500,urban_lake_adjacent,31.5,23.3,2.1,61.9,12.7
2026-06-12,Secunderabad,17.4399,78.4983,545,dense_urban,31.1,23.0,0.8,57.9,22.7
2026-06-12,Shamshabad,17.2403,78.4294,620,semi_rural_airport,29.4,23.0,3.6,68.7,9.4
2026-06-13,Gachibowli,17.4401,78.3489,536,urban_tech_hub,31.0,22.7,7.7,70.2,7.2
2026-06-13,Kompally,17.54,78.49,580,suburban_greenbelt,28.8,20.6,2.2,62.5,13.3
2026-06-13,LB Nagar,17.3506,78.554,500,urban_lake_adjacent,30.0,23.1,0.3,54.9,6.5
2026-06-13,Secunderabad,17.4399,78.4983,545,dense_urban,29.9,23.4,3.1,61.0,10.3
2026-06-13,Shamshabad,17.2403,78.4294,620,semi_rural_airport,27.1,18.9,8.6,68.8,3.9
2026-06-14,Gachibowli,17.4401,78.3489,536,urban_tech_hub,30.7,24.7,2.1,59.0,0.8
2026-06-14,Kompally,17.54,78.49,580,suburban_greenbelt,30.0,23.2,1.0,60.3,10.0
2026-06-14,LB Nagar,17.3506,78.554,500,urban_lake_adjacent,31.1,25.1,1.5,58.5,4.3
2026-06-14,Secunderabad,17.4399,78.4983,545,dense_urban,27.7,19.3,8.7,57.7,7.7
2026-06-14,Shamshabad,17.2403,78.4294,620,semi_rural_airport,28.0,19.5,3.5,68.7,8.2
2026-06-15,Gachibowli,17.4401,78.3489,536,urban_tech_hub,31.5,25.1,1.5,61.8,7.0
2026-06-15,Kompally,17.54,78.49,580,suburban_greenbelt,30.5,23.9,0.2,61.9,6.0
2026-06-15,LB Nagar,17.3506,78.554,500,urban_lake_adjacent,27.7,20.2,1.0,52.7,18.1
2026-06-15,Secunderabad,17.4399,78.4983,545,dense_urban,32.5,25.8,0.2,54.0,8.2
2026-06-15,Shamshabad,17.2403,78.4294,620,semi_rural_airport,29.0,22.4,5.1,60.8,1.9
2026-06-16,Gachibowli,17.4401,78.3489,536,urban_tech_hub,28.9,22.8,3.0,62.5,9.8
2026-06-16,Kompally,17.54,78.49,580,suburban_greenbelt,27.1,20.2,1.1,56.6,13.6
2026-06-16,LB Nagar,17.3506,78.554,500,urban_lake_adjacent,34.2,28.0,2.4,56.5,1.0
2026-06-16,Secunderabad,17.4399,78.4983,545,dense_urban,29.6,23.0,7.3,57.9,6.1
2026-06-16,Shamshabad,17.2403,78.4294,620,semi_rural_airport,27.0,19.5,1.6,59.7,24.5
2026-06-17,Gachibowli,17.4401,78.3489,536,urban_tech_hub,30.5,24.3,1.5,63.4,3.3
2026-06-17,Kompally,17.54,78.49,580,suburban_greenbelt,31.4,24.7,2.8,62.9,7.2
2026-06-17,LB Nagar,17.3506,78.554,500,urban_lake_adjacent,30.2,23.4,2.7,61.1,15.0
2026-06-17,Secunderabad,17.4399,78.4983,545,dense_urban,31.1,23.4,3.1,57.3,1.4
2026-06-17,Shamshabad,17.2403,78.4294,620,semi_rural_airport,32.2,23.7,1.7,64.6,15.7
2026-06-18,Gachibowli,17.4401,78.3489,536,urban_tech_hub,28.4,19.8,2.2,,7.1
2026-06-18,Kompally,17.54,78.49,580,suburban_greenbelt,31.7,25.0,0.5,63.8,22.4
2026-06-18,LB Nagar,17.3506,78.554,500,urban_lake_adjacent,32.4,24.3,1.0,54.2,0.9
2026-06-18,Secunderabad,17.4399,78.4983,545,dense_urban,31.3,23.5,0.7,57.6,
2026-06-18,Shamshabad,17.2403,78.4294,620,semi_rural_airport,28.1,19.9,0.8,58.5,7.9
2026-06-19,Gachibowli,17.4401,78.3489,536,urban_tech_hub,29.1,21.0,2.9,61.2,14.5
2026-06-19,Kompally,17.54,78.49,580,suburban_greenbelt,26.4,19.1,3.9,65.2,14.5
2026-06-19,LB Nagar,17.3506,78.554,500,urban_lake_adjacent,29.7,23.5,5.6,59.6,14.0
2026-06-19,Secunderabad,17.4399,78.4983,545,dense_urban,30.3,22.6,2.8,60.5,20.9
2026-06-19,Shamshabad,17.2403,78.4294,620,semi_rural_airport,29.5,21.9,1.7,60.0,13.6
2026-06-20,Gachibowli,17.4401,78.3489,536,urban_tech_hub,31.5,24.1,0.9,60.5,4.8
2026-06-20,Kompally,17.54,78.49,580,suburban_greenbelt,30.9,22.2,3.5,65.2,
2026-06-20,LB Nagar,17.3506,78.554,500,urban_lake_adjacent,31.2,22.6,2.5,59.2,7.6
2026-06-20,Secunderabad,17.4399,78.4983,545,dense_urban,33.1,26.8,4.7,62.6,8.9
2026-06-20,Shamshabad,17.2403,78.4294,620,semi_rural_airport,30.9,23.1,2.7,62.8,4.3
2026-06-21,Gachibowli,17.4401,78.3489,536,urban_tech_hub,29.3,23.0,6.1,66.1,3.8
2026-06-21,Kompally,17.54,78.49,580,suburban_greenbelt,31.1,23.6,1.9,66.5,20.7
2026-06-21,LB Nagar,17.3506,78.554,500,urban_lake_adjacent,32.8,26.7,1.2,52.9,3.2
2026-06-21,Secunderabad,17.4399,78.4983,545,dense_urban,31.0,22.3,1.1,59.9,15.4
2026-06-21,Shamshabad,17.2403,78.4294,620,semi_rural_airport,27.2,19.7,9.9,73.2,15.2
2026-06-22,Gachibowli,17.4401,78.3489,536,urban_tech_hub,32.0,24.5,0.8,62.2,6.9
2026-06-22,Kompally,17.54,78.49,580,suburban_greenbelt,29.6,23.0,2.6,62.1,6.0
2026-06-22,LB Nagar,17.3506,78.554,500,urban_lake_adjacent,32.5,25.7,0.4,47.9,5.4
2026-06-22,Secunderabad,17.4399,78.4983,545,dense_urban,28.6,21.8,4.1,58.0,15.7
2026-06-22,Shamshabad,17.2403,78.4294,620,semi_rural_airport,26.6,19.7,1.6,57.8,5.7
2026-06-23,Gachibowli,17.4401,78.3489,536,urban_tech_hub,30.6,23.2,3.9,60.1,3.0
2026-06-23,Kompally,17.54,78.49,580,suburban_greenbelt,28.2,22.0,0.8,58.8,24.9
2026-06-23,LB Nagar,17.3506,78.554,500,urban_lake_adjacent,30.2,22.0,3.3,57.7,12.2
2026-06-23,Secunderabad,17.4399,78.4983,545,dense_urban,29.3,22.9,9.2,59.8,7.3
2026-06-23,Shamshabad,17.2403,78.4294,620,semi_rural_airport,26.6,18.9,17.8,78.5,5.4
2026-06-24,Gachibowli,17.4401,78.3489,536,urban_tech_hub,33.1,26.6,6.1,61.5,25.7
2026-06-24,Kompally,17.54,78.49,580,suburban_greenbelt,30.3,22.2,7.1,70.0,21.5
2026-06-24,LB Nagar,17.3506,78.554,500,urban_lake_adjacent,30.2,23.3,4.1,60.7,25.8
2026-06-24,Secunderabad,17.4399,78.4983,545,dense_urban,31.6,22.9,1.7,56.2,12.0
2026-06-24,Shamshabad,17.2403,78.4294,620,semi_rural_airport,27.6,19.6,6.8,71.2,3.2
2026-06-25,Gachibowli,17.4401,78.3489,536,urban_tech_hub,30.0,22.7,3.9,65.6,7.7
2026-06-25,Kompally,17.54,78.49,580,suburban_greenbelt,28.6,21.5,7.2,70.0,9.4
2026-06-25,LB Nagar,17.3506,78.554,500,urban_lake_adjacent,32.0,25.7,1.7,51.5,1.6
2026-06-25,Secunderabad,17.4399,78.4983,545,dense_urban,31.7,22.9,1.0,57.8,1.6
2026-06-25,Shamshabad,17.2403,78.4294,620,semi_rural_airport,26.0,17.4,5.8,66.6,10.2
2026-06-26,Gachibowli,17.4401,78.3489,536,urban_tech_hub,28.2,21.0,3.1,54.7,4.1
2026-06-26,Kompally,17.54,78.49,580,suburban_greenbelt,30.6,22.1,1.0,62.6,1.7
2026-06-26,LB Nagar,17.3506,78.554,500,urban_lake_adjacent,33.6,26.5,3.2,58.9,3.4
2026-06-26,Secunderabad,17.4399,78.4983,545,dense_urban,29.4,20.8,2.6,53.7,19.8
2026-06-26,Shamshabad,17.2403,78.4294,620,semi_rural_airport,29.5,21.6,4.3,64.8,7.6
2026-06-27,Gachibowli,17.4401,78.3489,536,urban_tech_hub,30.1,22.2,2.6,65.1,
2026-06-27,Kompally,17.54,78.49,580,suburban_greenbelt,32.7,24.7,1.1,60.5,8.8
2026-06-27,LB Nagar,17.3506,78.554,500,urban_lake_adjacent,29.8,23.0,9.5,64.6,2.1
2026-06-27,Secunderabad,17.4399,78.4983,545,dense_urban,31.9,23.5,,62.9,18.7
2026-06-27,Shamshabad,17.2403,78.4294,620,semi_rural_airport,29.5,21.2,3.7,66.5,19.1
2026-06-28,Gachibowli,17.4401,78.3489,536,urban_tech_hub,28.9,21.0,2.3,59.2,6.9
2026-06-28,Kompally,17.54,78.49,580,suburban_greenbelt,30.1,21.7,1.4,61.3,2.8
2026-06-28,LB Nagar,17.3506,78.554,500,urban_lake_adjacent,32.6,24.1,6.0,52.6,6.5
2026-06-28,Secunderabad,17.4399,78.4983,545,dense_urban,27.8,19.8,7.4,64.4,10.8
2026-06-28,Shamshabad,17.2403,78.4294,620,semi_rural_airport,30.9,24.4,2.4,63.6,2.9
2026-06-29,Gachibowli,17.4401,78.3489,536,urban_tech_hub,30.5,24.4,8.5,65.6,6.3
2026-06-29,Kompally,17.54,78.49,580,suburban_greenbelt,27.8,21.0,6.4,61.9,4.5
2026-06-29,LB Nagar,17.3506,78.554,500,urban_lake_adjacent,30.7,23.7,0.1,51.3,14.2
2026-06-29,Secunderabad,17.4399,78.4983,545,dense_urban,32.3,24.6,2.7,56.8,9.1
2026-06-29,Shamshabad,17.2403,78.4294,620,semi_rural_airport,28.2,20.8,0.8,66.9,10.3
2026-06-30,Gachibowli,17.4401,78.3489,536,urban_tech_hub,29.8,22.7,5.0,60.5,4.8
2026-06-30,Kompally,17.54,78.49,580,suburban_greenbelt,28.7,20.7,5.5,68.3,4.8
2026-06-30,LB Nagar,17.3506,78.554,500,urban_lake_adjacent,32.0,23.7,1.4,54.1,1.8
2026-06-30,Secunderabad,17.4399,78.4983,545,dense_urban,29.2,22.9,2.1,54.8,7.4
2026-06-30,Shamshabad,17.2403,78.4294,620,semi_rural_airport,27.4,21.4,1.9,60.4,16.7
2026-07-01,Gachibowli,17.4401,78.3489,536,urban_tech_hub,29.9,22.1,2.6,60.2,4.6
2026-07-01,Kompally,17.54,78.49,580,suburban_greenbelt,27.5,20.8,9.5,71.8,2.7
2026-07-01,LB Nagar,17.3506,78.554,500,urban_lake_adjacent,32.0,23.4,2.7,55.9,7.4
2026-07-01,Secunderabad,17.4399,78.4983,545,dense_urban,30.7,23.5,1.1,,16.6
2026-07-01,Shamshabad,17.2403,78.4294,620,semi_rural_airport,26.9,20.2,15.5,75.8,8.7
2026-07-02,Gachibowli,17.4401,78.3489,536,urban_tech_hub,30.1,22.5,1.9,63.5,1.7
2026-07-02,Kompally,17.54,78.49,580,suburban_greenbelt,29.0,20.2,10.5,65.5,8.9
2026-07-02,LB Nagar,17.3506,78.554,500,urban_lake_adjacent,30.0,22.7,3.3,54.7,13.9
2026-07-02,Secunderabad,17.4399,78.4983,545,dense_urban,32.5,25.4,0.7,55.9,12.9
2026-07-02,Shamshabad,17.2403,78.4294,620,semi_rural_airport,28.6,20.4,7.5,69.4,5.6
2026-07-03,Gachibowli,17.4401,78.3489,536,urban_tech_hub,30.5,21.9,6.6,66.3,18.6
2026-07-03,Kompally,17.54,78.49,580,suburban_greenbelt,28.9,21.0,0.6,63.1,4.1
2026-07-03,LB Nagar,17.3506,78.554,500,urban_lake_adjacent,29.5,20.8,3.6,54.8,5.3
2026-07-03,Secunderabad,17.4399,78.4983,545,dense_urban,31.3,24.5,0.7,54.9,5.6
2026-07-03,Shamshabad,17.2403,78.4294,620,semi_rural_airport,28.6,19.6,15.9,75.2,8.5
2026-07-04,Gachibowli,17.4401,78.3489,536,urban_tech_hub,28.5,20.6,9.1,67.7,11.4
2026-07-04,Kompally,17.54,78.49,580,suburban_greenbelt,28.4,21.4,6.7,67.2,6.2
2026-07-04,LB Nagar,17.3506,78.554,500,urban_lake_adjacent,31.8,24.7,4.7,63.2,8.7
2026-07-04,Secunderabad,17.4399,78.4983,545,dense_urban,31.9,23.7,2.7,60.3,2.7
2026-07-04,Shamshabad,17.2403,78.4294,620,semi_rural_airport,31.2,24.9,2.6,55.7,18.1
2026-07-05,Gachibowli,17.4401,78.3489,536,urban_tech_hub,30.2,23.7,8.6,66.0,9.5
2026-07-05,Kompally,17.54,78.49,580,suburban_greenbelt,26.7,19.9,10.7,66.6,4.8
2026-07-05,LB Nagar,17.3506,78.554,500,urban_lake_adjacent,29.9,21.0,2.9,56.3,17.2
2026-07-05,Secunderabad,17.4399,78.4983,545,dense_urban,31.9,24.4,0.5,54.4,2.2
2026-07-05,Shamshabad,17.2403,78.4294,620,semi_rural_airport,31.1,23.9,1.6,63.0,18.0
2026-07-06,Gachibowli,17.4401,78.3489,536,urban_tech_hub,31.6,25.4,1.7,55.2,6.8
2026-07-06,Kompally,17.54,78.49,580,suburban_greenbelt,29.3,22.8,3.2,59.3,10.7
2026-07-06,LB Nagar,17.3506,78.554,500,urban_lake_adjacent,29.3,23.1,3.3,54.9,2.8
2026-07-06,Secunderabad,17.4399,78.4983,545,dense_urban,32.4,26.1,3.3,59.5,16.5
2026-07-06,Shamshabad,17.2403,78.4294,620,semi_rural_airport,29.4,21.0,5.1,69.3,6.8
2026-07-07,Gachibowli,17.4401,78.3489,536,urban_tech_hub,29.6,21.7,3.1,58.3,3.2
2026-07-07,Kompally,17.54,78.49,580,suburban_greenbelt,29.6,21.5,4.4,65.1,10.1
2026-07-07,LB Nagar,17.3506,78.554,500,urban_lake_adjacent,29.0,21.0,,60.4,1.2
2026-07-07,Secunderabad,17.4399,78.4983,545,dense_urban,30.5,23.9,13.8,67.3,7.2
2026-07-07,Shamshabad,17.2403,78.4294,620,semi_rural_airport,30.5,23.9,2.2,66.3,17.8
2026-07-08,Gachibowli,17.4401,78.3489,536,urban_tech_hub,28.9,22.8,2.6,59.3,3.9
2026-07-08,Kompally,17.54,78.49,580,suburban_greenbelt,25.9,19.3,3.9,62.3,5.9
2026-07-08,LB Nagar,17.3506,78.554,500,urban_lake_adjacent,29.7,22.2,4.3,59.5,9.5
2026-07-08,Secunderabad,17.4399,78.4983,545,dense_urban,29.3,21.2,8.8,63.7,10.6
2026-07-08,Shamshabad,17.2403,78.4294,620,semi_rural_airport,28.0,20.4,6.2,68.6,7.4
2026-07-09,Gachibowli,17.4401,78.3489,536,urban_tech_hub,29.3,21.5,3.6,62.6,1.9
2026-07-09,Kompally,17.54,78.49,580,suburban_greenbelt,29.7,21.9,4.1,69.1,11.1
2026-07-09,LB Nagar,17.3506,78.554,500,urban_lake_adjacent,32.0,24.8,0.9,55.0,9.7
2026-07-09,Secunderabad,17.4399,78.4983,545,dense_urban,31.6,25.4,2.8,56.8,8.0
2026-07-09,Shamshabad,17.2403,78.4294,620,semi_rural_airport,29.9,21.7,0.7,59.3,13.5
2026-07-10,Gachibowli,17.4401,78.3489,536,urban_tech_hub,30.2,21.3,8.4,65.8,4.3
2026-07-10,Kompally,17.54,78.49,580,suburban_greenbelt,28.5,21.8,9.3,71.2,17.1
2026-07-10,LB Nagar,17.3506,78.554,500,urban_lake_adjacent,31.1,23.2,3.8,56.8,5.0
2026-07-10,Secunderabad,17.4399,78.4983,545,dense_urban,26.0,17.5,21.4,76.4,2.2
2026-07-10,Shamshabad,17.2403,78.4294,620,semi_rural_airport,28.2,20.4,0.3,63.5,11.1
2026-07-11,Gachibowli,17.4401,78.3489,536,urban_tech_hub,28.7,21.0,12.5,72.2,2.8
2026-07-11,Kompally,17.54,78.49,580,suburban_greenbelt,26.4,18.4,17.3,77.0,0.7
2026-07-11,LB Nagar,17.3506,78.554,500,urban_lake_adjacent,31.5,23.4,3.1,54.8,4.2
2026-07-11,Secunderabad,17.4399,78.4983,545,dense_urban,30.5,23.1,3.9,60.7,1.6
2026-07-11,Shamshabad,17.2403,78.4294,620,semi_rural_airport,28.8,22.2,7.3,66.8,5.4
2026-07-12,Gachibowli,17.4401,78.3489,536,urban_tech_hub,30.4,23.2,6.1,64.9,22.2
2026-07-12,Kompally,17.54,78.49,580,suburban_greenbelt,30.6,22.1,13.9,,4.6
2026-07-12,LB Nagar,17.3506,78.554,500,urban_lake_adjacent,31.5,25.5,0.3,52.3,7.7
2026-07-12,Secunderabad,17.4399,78.4983,545,dense_urban,31.6,24.1,4.5,60.4,5.3
2026-07-12,Shamshabad,17.2403,78.4294,620,semi_rural_airport,27.1,20.1,18.5,79.7,3.3
2026-07-13,Gachibowli,17.4401,78.3489,536,urban_tech_hub,32.4,24.5,2.3,60.2,13.9
2026-07-13,Kompally,17.54,78.49,580,suburban_greenbelt,30.8,22.5,2.9,66.6,3.3
2026-07-13,LB Nagar,17.3506,78.554,500,urban_lake_adjacent,29.6,23.1,4.1,55.9,2.8
2026-07-13,Secunderabad,17.4399,78.4983,545,dense_urban,30.9,23.1,3.3,59.8,5.7
2026-07-13,Shamshabad,17.2403,78.4294,620,semi_rural_airport,30.9,22.5,7.7,69.3,17.0
2026-07-14,Gachibowli,17.4401,78.3489,536,urban_tech_hub,30.1,22.8,4.4,68.8,8.0
2026-07-14,Kompally,17.54,78.49,580,suburban_greenbelt,27.6,19.4,6.2,68.1,4.3
2026-07-14,LB Nagar,17.3506,78.554,500,urban_lake_adjacent,31.7,23.6,1.1,56.0,2.8
2026-07-14,Secunderabad,17.4399,78.4983,545,dense_urban,31.2,22.8,3.7,55.5,5.6
2026-07-14,Shamshabad,17.2403,78.4294,620,semi_rural_airport,28.2,20.5,8.7,66.9,20.3
2026-07-15,Gachibowli,17.4401,78.3489,536,urban_tech_hub,27.2,19.6,14.8,72.5,3.5
2026-07-15,Kompally,17.54,78.49,580,suburban_greenbelt,30.8,24.2,2.1,63.4,0.6
2026-07-15,LB Nagar,17.3506,78.554,500,urban_lake_adjacent,31.3,23.3,8.0,58.2,12.2
2026-07-15,Secunderabad,17.4399,78.4983,545,dense_urban,30.6,23.5,2.2,57.9,5.8
2026-07-15,Shamshabad,17.2403,78.4294,620,semi_rural_airport,29.0,23.0,5.8,64.5,10.1
2026-07-16,Gachibowli,17.4401,78.3489,536,urban_tech_hub,31.1,22.3,5.0,61.2,2.9
2026-07-16,Kompally,17.54,78.49,580,suburban_greenbelt,31.3,25.0,2.4,59.2,0.7
2026-07-16,LB Nagar,17.3506,78.554,500,urban_lake_adjacent,31.0,22.1,5.3,59.9,2.6
2026-07-16,Secunderabad,17.4399,78.4983,545,dense_urban,32.2,24.2,3.1,61.5,27.2
2026-07-16,Shamshabad,17.2403,78.4294,620,semi_rural_airport,29.1,20.9,6.4,68.8,7.4
2026-07-17,Gachibowli,17.4401,78.3489,536,urban_tech_hub,30.0,22.9,3.5,66.7,6.4
2026-07-17,Kompally,17.54,78.49,580,suburban_greenbelt,29.5,21.4,4.7,73.4,5.0
2026-07-17,LB Nagar,17.3506,78.554,500,urban_lake_adjacent,31.4,23.2,0.9,59.0,1.3
2026-07-17,Secunderabad,17.4399,78.4983,545,dense_urban,29.2,21.5,12.4,67.6,15.2
2026-07-17,Shamshabad,17.2403,78.4294,620,semi_rural_airport,29.1,23.0,1.0,62.2,2.5
2026-07-18,Gachibowli,17.4401,78.3489,536,urban_tech_hub,31.1,22.2,3.8,65.0,14.3
2026-07-18,Kompally,17.54,78.49,580,suburban_greenbelt,30.1,23.0,2.4,58.9,4.8
2026-07-18,LB Nagar,17.3506,78.554,500,urban_lake_adjacent,28.8,20.0,7.9,62.1,4.2
2026-07-18,Secunderabad,17.4399,78.4983,545,dense_urban,29.0,22.2,10.6,61.4,9.0
2026-07-18,Shamshabad,17.2403,78.4294,620,semi_rural_airport,28.4,20.1,2.6,61.8,16.7
2026-07-19,Gachibowli,17.4401,78.3489,536,urban_tech_hub,30.9,22.2,6.4,69.2,2.0
2026-07-19,Kompally,17.54,78.49,580,suburban_greenbelt,30.0,22.7,2.8,61.6,18.8
2026-07-19,LB Nagar,17.3506,78.554,500,urban_lake_adjacent,29.6,21.5,11.0,62.8,5.1
2026-07-19,Secunderabad,17.4399,78.4983,545,dense_urban,32.3,23.7,0.2,55.0,7.1
2026-07-19,Shamshabad,17.2403,78.4294,620,semi_rural_airport,29.3,22.7,14.8,72.6,9.3
2026-07-20,Gachibowli,17.4401,78.3489,536,urban_tech_hub,29.0,22.4,2.0,59.5,11.3
2026-07-20,Kompally,17.54,78.49,580,suburban_greenbelt,26.3,20.2,6.3,60.7,8.4
2026-07-20,LB Nagar,17.3506,78.554,500,urban_lake_adjacent,29.5,22.6,3.0,52.8,10.5
2026-07-20,Secunderabad,17.4399,78.4983,545,dense_urban,29.3,20.9,0.7,56.8,7.3
2026-07-20,Shamshabad,17.2403,78.4294,620,semi_rural_airport,27.9,19.0,4.2,64.9,6.1
2026-07-21,Gachibowli,17.4401,78.3489,536,urban_tech_hub,31.9,25.7,2.9,63.5,4.3
2026-07-21,Kompally,17.54,78.49,580,suburban_greenbelt,28.6,21.8,7.9,68.7,10.9
2026-07-21,LB Nagar,17.3506,78.554,500,urban_lake_adjacent,30.5,24.2,3.3,61.7,4.5
2026-07-21,Secunderabad,17.4399,78.4983,545,dense_urban,31.6,23.6,1.8,54.3,12.6
2026-07-21,Shamshabad,17.2403,78.4294,620,semi_rural_airport,25.9,18.7,14.8,80.0,13.8
2026-07-22,Gachibowli,17.4401,78.3489,536,urban_tech_hub,30.2,23.9,10.1,62.7,5.0
2026-07-22,Kompally,17.54,78.49,580,suburban_greenbelt,28.5,22.4,7.8,67.5,61.2
2026-07-22,LB Nagar,17.3506,78.554,500,urban_lake_adjacent,27.7,19.4,7.5,57.2,19.2
2026-07-22,Secunderabad,17.4399,78.4983,545,dense_urban,28.5,20.0,8.8,58.8,7.0
2026-07-22,Shamshabad,17.2403,78.4294,620,semi_rural_airport,29.7,22.7,6.5,66.3,2.1
2026-07-23,Gachibowli,17.4401,78.3489,536,urban_tech_hub,28.8,22.7,6.4,66.1,7.8
2026-07-23,Kompally,17.54,78.49,580,suburban_greenbelt,30.7,22.0,7.9,69.4,22.6
2026-07-23,LB Nagar,17.3506,78.554,500,urban_lake_adjacent,27.3,19.4,10.6,66.1,8.0
2026-07-23,Secunderabad,17.4399,78.4983,545,dense_urban,31.2,22.6,11.1,64.0,14.2
2026-07-23,Shamshabad,17.2403,78.4294,620,semi_rural_airport,30.3,23.8,6.8,68.1,3.1
2026-07-24,Gachibowli,17.4401,78.3489,536,urban_tech_hub,30.1,23.8,5.3,62.3,3.6
2026-07-24,Kompally,17.54,78.49,580,suburban_greenbelt,30.3,23.5,1.2,55.9,7.2
2026-07-24,LB Nagar,17.3506,78.554,500,urban_lake_adjacent,30.7,24.5,0.4,56.3,3.7
2026-07-24,Secunderabad,17.4399,78.4983,545,dense_urban,29.7,21.6,7.6,59.6,9.7
2026-07-24,Shamshabad,17.2403,78.4294,620,semi_rural_airport,28.6,21.7,4.3,66.2,4.2
2026-07-25,Gachibowli,17.4401,78.3489,536,urban_tech_hub,29.2,21.2,10.6,63.5,6.2
2026-07-25,Kompally,17.54,78.49,580,suburban_greenbelt,29.3,21.6,2.3,65.4,5.3
2026-07-25,LB Nagar,17.3506,78.554,500,urban_lake_adjacent,30.1,23.0,1.1,54.3,10.2
2026-07-25,Secunderabad,17.4399,78.4983,545,dense_urban,31.2,22.7,1.1,55.9,27.4
2026-07-25,Shamshabad,17.2403,78.4294,620,semi_rural_airport,27.7,19.0,10.5,68.1,10.9
2026-07-26,Gachibowli,17.4401,78.3489,536,urban_tech_hub,30.2,24.0,2.3,63.2,3.4
2026-07-26,Kompally,17.54,78.49,580,suburban_greenbelt,29.1,22.9,5.5,62.5,4.7
2026-07-26,LB Nagar,17.3506,78.554,500,urban_lake_adjacent,30.7,21.9,2.6,55.6,18.9
2026-07-26,Secunderabad,17.4399,78.4983,545,dense_urban,31.4,23.3,2.4,52.4,6.7
2026-07-26,Shamshabad,17.2403,78.4294,620,semi_rural_airport,28.3,19.3,12.7,68.1,8.6
2026-07-27,Gachibowli,17.4401,78.3489,536,urban_tech_hub,31.1,24.2,3.5,55.7,4.6
2026-07-27,Kompally,17.54,78.49,580,suburban_greenbelt,29.5,21.5,12.5,70.8,
2026-07-27,LB Nagar,17.3506,78.554,500,urban_lake_adjacent,30.4,22.9,2.9,51.1,11.9
2026-07-27,Secunderabad,17.4399,78.4983,545,dense_urban,27.7,19.7,6.4,62.5,16.0
2026-07-27,Shamshabad,17.2403,78.4294,620,semi_rural_airport,28.5,21.4,2.5,61.2,11.8
2026-07-28,Gachibowli,17.4401,78.3489,536,urban_tech_hub,31.4,22.9,6.3,57.9,12.8
2026-07-28,Kompally,17.54,78.49,580,suburban_greenbelt,25.7,18.7,27.4,87.5,5.3
2026-07-28,LB Nagar,17.3506,78.554,500,urban_lake_adjacent,29.9,22.6,7.5,61.7,1.7
2026-07-28,Secunderabad,17.4399,78.4983,545,dense_urban,29.9,22.0,3.3,56.1,2.9
2026-07-28,Shamshabad,17.2403,78.4294,620,semi_rural_airport,28.6,21.3,1.2,63.8,16.0
2026-07-29,Gachibowli,17.4401,78.3489,536,urban_tech_hub,29.6,23.5,6.2,64.7,8.1
2026-07-29,Kompally,17.54,78.49,580,suburban_greenbelt,28.1,19.4,6.9,67.0,2.7
2026-07-29,LB Nagar,17.3506,78.554,500,urban_lake_adjacent,30.2,22.8,10.8,65.6,5.5
2026-07-29,Secunderabad,17.4399,78.4983,545,dense_urban,32.1,23.9,2.9,60.6,4.4
2026-07-29,Shamshabad,17.2403,78.4294,620,semi_rural_airport,30.9,22.7,0.5,62.7,12.1
2026-07-30,Gachibowli,17.4401,78.3489,536,urban_tech_hub,32.1,23.7,0.9,60.5,12.8
2026-07-30,Kompally,17.54,78.49,580,suburban_greenbelt,28.2,19.5,9.7,69.7,4.8
2026-07-30,LB Nagar,17.3506,78.554,500,urban_lake_adjacent,28.7,22.0,11.5,61.1,9.0
2026-07-30,Secunderabad,17.4399,78.4983,545,dense_urban,31.9,25.4,2.9,56.8,25.0
2026-07-30,Shamshabad,17.2403,78.4294,620,semi_rural_airport,29.2,20.6,9.1,72.3,24.8
2026-07-31,Gachibowli,17.4401,78.3489,536,urban_tech_hub,31.3,24.5,3.2,63.8,4.3
2026-07-31,Kompally,17.54,78.49,580,suburban_greenbelt,31.1,24.1,1.1,63.4,9.8
2026-07-31,LB Nagar,17.3506,78.554,500,urban_lake_adjacent,30.7,23.5,0.4,53.9,11.6
2026-07-31,Secunderabad,17.4399,78.4983,545,dense_urban,30.0,21.4,10.5,64.4,13.8
2026-07-31,Shamshabad,17.2403,78.4294,620,semi_rural_airport,30.3,22.5,8.3,69.8,15.9
2026-08-01,Gachibowli,17.4401,78.3489,536,urban_tech_hub,30.2,23.8,4.2,64.0,11.3
2026-08-01,Kompally,17.54,78.49,580,suburban_greenbelt,29.2,20.5,9.5,69.8,12.2
2026-08-01,LB Nagar,17.3506,78.554,500,urban_lake_adjacent,32.6,25.5,1.7,55.6,6.5
2026-08-01,Secunderabad,17.4399,78.4983,545,dense_urban,28.4,19.8,7.0,60.8,10.8
2026-08-01,Shamshabad,17.2403,78.4294,620,semi_rural_airport,23.3,16.1,32.6,91.0,6.8
2026-08-02,Gachibowli,17.4401,78.3489,536,urban_tech_hub,29.7,21.6,7.0,68.7,1.5
2026-08-02,Kompally,17.54,78.49,580,suburban_greenbelt,29.7,20.7,2.4,61.1,24.2
2026-08-02,LB Nagar,17.3506,78.554,500,urban_lake_adjacent,30.7,24.5,2.1,57.6,5.8
2026-08-02,Secunderabad,17.4399,78.4983,545,dense_urban,31.5,25.4,3.1,55.7,31.9
2026-08-02,Shamshabad,17.2403,78.4294,620,semi_rural_airport,28.2,21.0,6.3,65.9,4.8
2026-08-03,Gachibowli,17.4401,78.3489,536,urban_tech_hub,28.1,20.2,6.2,65.7,7.8
2026-08-03,Kompally,17.54,78.49,580,suburban_greenbelt,29.8,21.3,3.0,62.2,8.1
2026-08-03,LB Nagar,17.3506,78.554,500,urban_lake_adjacent,30.5,22.2,1.7,55.5,23.5
2026-08-03,Secunderabad,17.4399,78.4983,545,dense_urban,31.3,22.8,5.6,67.5,7.2
2026-08-03,Shamshabad,17.2403,78.4294,620,semi_rural_airport,29.4,21.3,5.4,,7.0
2026-08-04,Gachibowli,17.4401,78.3489,536,urban_tech_hub,27.9,19.2,4.6,61.7,11.9
2026-08-04,Kompally,17.54,78.49,580,suburban_greenbelt,27.7,19.1,10.8,70.4,17.8
2026-08-04,LB Nagar,17.3506,78.554,500,urban_lake_adjacent,30.3,23.0,5.7,54.3,12.1
2026-08-04,Secunderabad,17.4399,78.4983,545,dense_urban,31.1,24.7,1.0,54.4,15.9
2026-08-04,Shamshabad,17.2403,78.4294,620,semi_rural_airport,27.5,21.5,7.4,65.9,12.4
2026-08-05,Gachibowli,17.4401,78.3489,536,urban_tech_hub,30.7,22.5,0.3,58.0,1.4
2026-08-05,Kompally,17.54,78.49,580,suburban_greenbelt,28.9,22.2,5.4,62.2,6.4
2026-08-05,LB Nagar,17.3506,78.554,500,urban_lake_adjacent,29.9,21.4,6.2,58.0,10.2
2026-08-05,Secunderabad,17.4399,78.4983,545,dense_urban,32.4,25.4,2.5,60.3,16.7
2026-08-05,Shamshabad,17.2403,78.4294,620,semi_rural_airport,29.5,21.6,7.8,65.7,5.2
2026-08-06,Gachibowli,17.4401,78.3489,536,urban_tech_hub,28.7,20.3,4.7,61.4,4.3
2026-08-06,Kompally,17.54,78.49,580,suburban_greenbelt,29.1,21.3,0.4,63.3,7.1
2026-08-06,LB Nagar,17.3506,78.554,500,urban_lake_adjacent,29.5,20.9,3.9,58.2,4.7
2026-08-06,Secunderabad,17.4399,78.4983,545,dense_urban,28.9,20.6,9.7,60.4,21.6
2026-08-06,Shamshabad,17.2403,78.4294,620,semi_rural_airport,30.7,23.6,4.9,68.1,12.7
2026-08-07,Gachibowli,17.4401,78.3489,536,urban_tech_hub,29.7,22.8,5.1,,7.8
2026-08-07,Kompally,17.54,78.49,580,suburban_greenbelt,29.1,22.9,3.2,63.7,6.8
2026-08-07,LB Nagar,17.3506,78.554,500,urban_lake_adjacent,29.2,22.5,3.6,59.8,2.8
2026-08-07,Secunderabad,17.4399,78.4983,545,dense_urban,30.4,24.0,0.6,56.7,2.6
2026-08-07,Shamshabad,17.2403,78.4294,620,semi_rural_airport,28.7,20.3,2.6,60.3,11.7
2026-08-08,Gachibowli,17.4401,78.3489,536,urban_tech_hub,25.8,19.3,26.4,78.5,15.0
2026-08-08,Kompally,17.54,78.49,580,suburban_greenbelt,29.4,23.1,15.9,74.5,8.8
2026-08-08,LB Nagar,17.3506,78.554,500,urban_lake_adjacent,29.6,21.6,2.7,54.6,10.4
2026-08-08,Secunderabad,17.4399,78.4983,545,dense_urban,26.9,18.5,6.9,62.6,7.1
2026-08-08,Shamshabad,17.2403,78.4294,620,semi_rural_airport,29.0,22.7,6.0,74.6,3.3
2026-08-09,Gachibowli,17.4401,78.3489,536,urban_tech_hub,27.6,19.3,4.0,62.6,4.6
2026-08-09,Kompally,17.54,78.49,580,suburban_greenbelt,28.0,19.0,4.0,67.2,13.8
2026-08-09,LB Nagar,17.3506,78.554,500,urban_lake_adjacent,31.7,24.3,3.0,63.3,13.0
2026-08-09,Secunderabad,17.4399,78.4983,545,dense_urban,32.4,23.9,0.2,55.1,9.6
2026-08-09,Shamshabad,17.2403,78.4294,620,semi_rural_airport,30.8,23.1,5.7,67.4,15.7
2026-08-10,Gachibowli,17.4401,78.3489,536,urban_tech_hub,30.0,21.6,6.3,63.4,11.0
2026-08-10,Kompally,17.54,78.49,580,suburban_greenbelt,28.5,21.5,4.0,63.2,5.2
2026-08-10,LB Nagar,17.3506,78.554,500,urban_lake_adjacent,28.3,19.6,12.8,59.8,7.5
2026-08-10,Secunderabad,17.4399,78.4983,545,dense_urban,29.4,21.9,14.5,66.3,21.3
2026-08-10,Shamshabad,17.2403,78.4294,620,semi_rural_airport,31.3,23.9,5.6,68.1,9.8
2026-08-11,Gachibowli,17.4401,78.3489,536,urban_tech_hub,28.2,19.2,11.8,69.4,19.4
2026-08-11,Kompally,17.54,78.49,580,suburban_greenbelt,26.9,18.6,10.0,68.5,3.4
2026-08-11,LB Nagar,17.3506,78.554,500,urban_lake_adjacent,29.8,23.1,6.9,58.5,12.1
2026-08-11,Secunderabad,17.4399,78.4983,545,dense_urban,28.7,22.6,2.4,56.4,10.5
2026-08-11,Shamshabad,17.2403,78.4294,620,semi_rural_airport,29.1,21.1,11.3,69.7,24.0
2026-08-12,Gachibowli,17.4401,78.3489,536,urban_tech_hub,29.3,22.0,8.9,66.8,11.4
2026-08-12,Kompally,17.54,78.49,580,suburban_greenbelt,27.0,18.6,7.0,64.8,14.5
2026-08-12,LB Nagar,17.3506,78.554,500,urban_lake_adjacent,31.5,23.5,2.7,56.2,12.3
2026-08-12,Secunderabad,17.4399,78.4983,545,dense_urban,28.0,21.2,5.8,59.0,16.7
2026-08-12,Shamshabad,17.2403,78.4294,620,semi_rural_airport,29.7,23.5,5.8,66.3,7.4
2026-08-13,Gachibowli,17.4401,78.3489,536,urban_tech_hub,27.3,20.1,13.9,63.2,6.4
2026-08-13,Kompally,17.54,78.49,580,suburban_greenbelt,29.2,20.6,3.7,64.4,13.8
2026-08-13,LB Nagar,17.3506,78.554,500,urban_lake_adjacent,30.1,22.3,3.4,56.5,13.6
2026-08-13,Secunderabad,17.4399,78.4983,545,dense_urban,29.4,21.5,4.5,66.3,2.4
2026-08-13,Shamshabad,17.2403,78.4294,620,semi_rural_airport,28.5,20.8,1.2,61.8,5.9
2026-08-14,Gachibowli,17.4401,78.3489,536,urban_tech_hub,29.9,21.6,0.9,56.1,9.9
2026-08-14,Kompally,17.54,78.49,580,suburban_greenbelt,28.8,19.8,2.7,63.4,19.7
2026-08-14,LB Nagar,17.3506,78.554,500,urban_lake_adjacent,31.0,24.1,5.5,55.3,1.7
2026-08-14,Secunderabad,17.4399,78.4983,545,dense_urban,31.5,22.6,4.6,59.1,5.9
2026-08-14,Shamshabad,17.2403,78.4294,620,semi_rural_airport,29.8,22.1,3.0,63.1,2.9
2026-08-15,Gachibowli,17.4401,78.3489,536,urban_tech_hub,32.3,25.3,1.6,59.1,4.5
2026-08-15,Kompally,17.54,78.49,580,suburban_greenbelt,27.0,20.3,35.2,89.7,4.5
2026-08-15,LB Nagar,17.3506,78.554,500,urban_lake_adjacent,28.9,22.5,0.9,56.2,5.6
2026-08-15,Secunderabad,17.4399,78.4983,545,dense_urban,30.0,22.1,5.2,61.3,18.7
2026-08-15,Shamshabad,17.2403,78.4294,620,semi_rural_airport,29.8,22.1,4.7,68.1,2.8
2026-08-16,Gachibowli,17.4401,78.3489,536,urban_tech_hub,30.3,21.5,2.6,60.2,8.0
2026-08-16,Kompally,17.54,78.49,580,suburban_greenbelt,27.6,21.5,13.3,71.4,6.2
2026-08-16,LB Nagar,17.3506,78.554,500,urban_lake_adjacent,30.2,22.2,4.2,58.9,10.8
2026-08-16,Secunderabad,17.4399,78.4983,545,dense_urban,30.1,23.3,0.4,60.7,6.5
2026-08-16,Shamshabad,17.2403,78.4294,620,semi_rural_airport,28.7,20.8,5.8,65.9,14.5
2026-08-17,Gachibowli,17.4401,78.3489,536,urban_tech_hub,31.1,22.5,0.6,59.3,6.6
2026-08-17,Kompally,17.54,78.49,580,suburban_greenbelt,30.6,23.3,7.5,64.8,14.9
2026-08-17,LB Nagar,17.3506,78.554,500,urban_lake_adjacent,30.2,21.9,6.3,59.8,7.8
2026-08-17,Secunderabad,17.4399,78.4983,545,dense_urban,29.2,21.3,4.6,56.5,7.6
2026-08-17,Shamshabad,17.2403,78.4294,620,semi_rural_airport,27.7,19.7,8.7,72.9,22.5
2026-08-18,Gachibowli,17.4401,78.3489,536,urban_tech_hub,28.1,20.8,4.8,63.2,9.6
2026-08-18,Kompally,17.54,78.49,580,suburban_greenbelt,30.1,23.7,7.9,65.0,5.1
2026-08-18,LB Nagar,17.3506,78.554,500,urban_lake_adjacent,30.2,23.2,5.6,60.0,12.3
2026-08-18,Secunderabad,17.4399,78.4983,545,dense_urban,29.3,21.7,3.3,58.1,21.1
2026-08-18,Shamshabad,17.2403,78.4294,620,semi_rural_airport,27.3,18.8,5.8,75.2,6.9
2026-08-19,Gachibowli,17.4401,78.3489,536,urban_tech_hub,33.4,25.1,1.7,64.1,5.4
2026-08-19,Kompally,17.54,78.49,580,suburban_greenbelt,29.1,23.0,4.3,58.7,11.9
2026-08-19,LB Nagar,17.3506,78.554,500,urban_lake_adjacent,28.6,20.7,1.6,54.2,10.2
2026-08-19,Secunderabad,17.4399,78.4983,545,dense_urban,28.4,20.0,2.2,56.2,3.6
2026-08-19,Shamshabad,17.2403,78.4294,620,semi_rural_airport,27.5,20.7,0.3,61.4,6.6
2026-08-20,Gachibowli,17.4401,78.3489,536,urban_tech_hub,30.7,22.5,14.4,,10.0
2026-08-20,Kompally,17.54,78.49,580,suburban_greenbelt,31.8,24.7,6.5,65.2,6.4
2026-08-20,LB Nagar,17.3506,78.554,500,urban_lake_adjacent,32.3,25.1,1.9,50.9,0.7
2026-08-20,Secunderabad,17.4399,78.4983,545,dense_urban,29.4,23.1,1.7,56.3,4.4
2026-08-20,Shamshabad,17.2403,78.4294,620,semi_rural_airport,27.1,18.6,1.3,63.6,7.9
2026-08-21,Gachibowli,17.4401,78.3489,536,urban_tech_hub,32.0,25.7,1.9,58.8,5.3
2026-08-21,Kompally,17.54,78.49,580,suburban_greenbelt,29.8,21.4,3.8,58.3,9.5
2026-08-21,LB Nagar,17.3506,78.554,500,urban_lake_adjacent,29.9,21.7,0.2,52.0,15.8
2026-08-21,Secunderabad,17.4399,78.4983,545,dense_urban,29.1,20.9,4.5,58.5,2.1
2026-08-21,Shamshabad,17.2403,78.4294,620,semi_rural_airport,29.2,21.7,8.8,71.1,16.5
2026-08-22,Gachibowli,17.4401,78.3489,536,urban_tech_hub,31.1,22.4,3.2,56.1,13.8
2026-08-22,Kompally,17.54,78.49,580,suburban_greenbelt,31.7,24.0,1.9,60.3,2.6
2026-08-22,LB Nagar,17.3506,78.554,500,urban_lake_adjacent,30.5,23.9,6.5,60.3,5.0
2026-08-22,Secunderabad,17.4399,78.4983,545,dense_urban,31.9,24.3,1.3,54.0,21.7
2026-08-22,Shamshabad,17.2403,78.4294,620,semi_rural_airport,29.3,23.1,4.3,71.3,3.3
2026-08-23,Gachibowli,17.4401,78.3489,536,urban_tech_hub,29.3,21.7,8.4,61.5,5.8
2026-08-23,Kompally,17.54,78.49,580,suburban_greenbelt,30.8,23.9,6.5,64.0,8.0
2026-08-23,LB Nagar,17.3506,78.554,500,urban_lake_adjacent,28.7,20.1,15.2,68.2,3.5
2026-08-23,Secunderabad,17.4399,78.4983,545,dense_urban,29.7,20.8,8.5,63.2,15.0
2026-08-23,Shamshabad,17.2403,78.4294,620,semi_rural_airport,28.3,22.1,5.9,67.1,9.0
2026-08-24,Gachibowli,17.4401,78.3489,536,urban_tech_hub,30.9,22.4,1.0,60.5,0.8
2026-08-24,Kompally,17.54,78.49,580,suburban_greenbelt,30.0,22.1,3.4,66.2,16.9
2026-08-24,LB Nagar,17.3506,78.554,500,urban_lake_adjacent,32.1,25.2,1.3,55.3,15.5
2026-08-24,Secunderabad,17.4399,78.4983,545,dense_urban,29.3,22.3,5.5,56.8,14.8
2026-08-24,Shamshabad,17.2403,78.4294,620,semi_rural_airport,28.8,21.8,3.7,62.8,14.7
2026-08-25,Gachibowli,17.4401,78.3489,536,urban_tech_hub,31.8,24.8,0.5,61.6,3.0
2026-08-25,Kompally,17.54,78.49,580,suburban_greenbelt,30.0,23.3,,62.9,13.0
2026-08-25,LB Nagar,17.3506,78.554,500,urban_lake_adjacent,32.6,25.5,8.1,62.9,11.7
2026-08-25,Secunderabad,17.4399,78.4983,545,dense_urban,33.5,25.6,4.5,62.0,5.8
2026-08-25,Shamshabad,17.2403,78.4294,620,semi_rural_airport,29.7,21.3,2.7,60.6,10.8
2026-08-26,Gachibowli,17.4401,78.3489,536,urban_tech_hub,28.9,20.3,4.9,67.0,7.6
2026-08-26,Kompally,17.54,78.49,580,suburban_greenbelt,29.7,23.6,7.5,64.5,3.2
2026-08-26,LB Nagar,17.3506,78.554,500,urban_lake_adjacent,27.3,21.1,13.7,64.6,17.0
2026-08-26,Secunderabad,17.4399,78.4983,545,dense_urban,29.2,20.4,7.9,64.0,2.0
2026-08-26,Shamshabad,17.2403,78.4294,620,semi_rural_airport,29.0,20.9,3.7,65.2,0.2
2026-08-27,Gachibowli,17.4401,78.3489,536,urban_tech_hub,29.1,22.0,5.2,60.2,22.1
2026-08-27,Kompally,17.54,78.49,580,suburban_greenbelt,27.5,19.2,6.7,64.9,22.9
2026-08-27,LB Nagar,17.3506,78.554,500,urban_lake_adjacent,29.8,23.5,2.1,56.0,9.1
2026-08-27,Secunderabad,17.4399,78.4983,545,dense_urban,32.7,26.4,0.3,53.8,1.4
2026-08-27,Shamshabad,17.2403,78.4294,620,semi_rural_airport,27.2,18.8,5.7,65.8,12.2
2026-08-28,Gachibowli,17.4401,78.3489,536,urban_tech_hub,27.2,21.1,7.7,64.0,13.4
2026-08-28,Kompally,17.54,78.49,580,suburban_greenbelt,29.8,22.0,1.6,59.7,16.2
2026-08-28,LB Nagar,17.3506,78.554,500,urban_lake_adjacent,30.8,23.3,2.9,58.3,5.6
2026-08-28,Secunderabad,17.4399,78.4983,545,dense_urban,33.2,24.4,0.8,54.4,18.8
2026-08-28,Shamshabad,17.2403,78.4294,620,semi_rural_airport,30.3,22.7,4.9,72.4,10.9
2026-08-29,Gachibowli,17.4401,78.3489,536,urban_tech_hub,28.6,19.9,6.2,64.3,0.6
2026-08-29,Kompally,17.54,78.49,580,suburban_greenbelt,31.0,22.7,2.9,66.7,2.7
2026-08-29,LB Nagar,17.3506,78.554,500,urban_lake_adjacent,29.0,22.2,4.0,57.3,8.4
2026-08-29,Secunderabad,17.4399,78.4983,545,dense_urban,28.4,20.3,5.3,60.6,11.3
2026-08-29,Shamshabad,17.2403,78.4294,620,semi_rural_airport,28.7,21.3,10.3,76.6,18.6
2026-08-30,Gachibowli,17.4401,78.3489,536,urban_tech_hub,31.9,25.6,5.1,68.7,1.8
2026-08-30,Kompally,17.54,78.49,580,suburban_greenbelt,31.5,25.4,3.2,59.5,4.8
2026-08-30,LB Nagar,17.3506,78.554,500,urban_lake_adjacent,31.3,22.8,4.7,54.5,3.0
2026-08-30,Secunderabad,17.4399,78.4983,545,dense_urban,31.1,24.9,1.6,54.0,12.8
2026-08-30,Shamshabad,17.2403,78.4294,620,semi_rural_airport,30.0,23.6,0.7,59.5,21.3
2026-08-31,Gachibowli,17.4401,78.3489,536,urban_tech_hub,29.8,22.8,1.9,60.1,16.3
2026-08-31,Kompally,17.54,78.49,580,suburban_greenbelt,27.7,19.2,9.2,67.1,2.9
2026-08-31,LB Nagar,17.3506,78.554,500,urban_lake_adjacent,31.5,25.5,4.0,54.7,2.1
2026-08-31,Secunderabad,17.4399,78.4983,545,dense_urban,30.3,23.4,1.8,62.1,9.3
2026-08-31,Shamshabad,17.2403,78.4294,620,semi_rural_airport,30.8,23.8,0.9,60.7,18.0
